{
  "balancing": {
    "randomTicksUntilRiftSpawn": 216000,
    "dryingTableTickDuration": 19200,
    "ironDryingTableTickDuration": 14400,
    "slurryHardeningTime": 36000,
    "enableHarmonium": false,
    "enableRiftJars": false,
    "disableMolotovs": false,
    "worldGeneration": {
      "juniper": {
        "enabled": true,
        "spawnableBiomes": {
            "windswept_hills",
            "windswept_gravelly_hills",
            "windswept_forest",
            "stony_peaks",
            "stony_shore"
        }
      },
      "cannabis": {
        "enabled": true,
        "spawnableBiomes": {
            "plains",
            "sunflower_plains",
            "jungle",
            "sparse_jungle",
            "bamboo_jungle",
            "meadow",
            "lush_caves"
        }
      },
      "hop": {
        "enabled": true,
        "spawnableBiomes": {
            "plains",
            "sunflower_plains",
            "meadow",
            "windswept_hills",
            "windswept_forest"
        }
      },
      "tobacco": {
        "enabled": true,
        "spawnableBiomes": {
            "plains",
            "sunflower_plains",
            "jungle",
            "sparse_jungle",
            "bamboo_jungle",
            "meadow"
        }
      },
      "morningGlories": {
        "enabled": true,
        "spawnableBiomes": {
            "old_growth_pine_taiga",
            "old_growth_spruce_taiga",
            "badlands",
            "wooded_badlands"
        }
      },
      "belladonna": {
        "enabled": true,
        "spawnableBiomes": {
            "plains",
            "forest",
            "flower_forest",
            "dark_forest",
            "taiga",
            "windswept_hills",
            "sparse_jungle",
            "stony_peaks"
        }
      },
      "jimsonweed": {
        "enabled": true,
        "spawnableBiomes": {
            "plains",
            "sunflower_plains",
            "forest",
            "birch_forest",
            "taiga",
            "old_growth_pine_taiga",
            "sparse_jungle",
            "wooded_badlands"
        }
      },
      "tomato": {
        "enabled": true,
        "spawnableBiomes": {
            "plains",
            "sunflower_plains",
            "forest",
            "river"
        }
      },
      "coffea": {
        "enabled": true,
        "spawnableBiomes": {
            "savanna_plateau",
            "savanna",
            "sparse_jungle",
            "jungle",
            "plains"
        }
      },
      "coca": {
        "enabled": true,
        "spawnableBiomes": {
            "sparse_jungle",
            "jungle"
        }
      },
      "peyote": {
        "enabled": true,
        "spawnableBiomes": {
            "desert",
            "desert",
            "eroded_badlands",
            "wooded_badlands"
        }
      },
      "farmerDrugDeals": true,
      "dungeonChests": false,
      "villageChests": true
    },
    "fluidAttributes": {
      "alcInfoWheatHop": {
        "ticksPerFermentation": 36000,
        "ticksPerDistillation": 72000,
        "ticksPerMaturation": 120000,
        "ticksUntilAcetification": 36000
      },
      "alcInfoKava": {
        "ticksPerFermentation": 48000,
        "ticksPerDistillation": 48000,
        "ticksPerMaturation": 36000,
        "ticksUntilAcetification": 36000
      },
      "alcInfoWheat": {
        "ticksPerFermentation": 48000,
        "ticksPerDistillation": 48000,
        "ticksPerMaturation": 36000,
        "ticksUntilAcetification": 36000
      },
      "alcInfoCorn": {
        "ticksPerFermentation": 48000,
        "ticksPerDistillation": 48000,
        "ticksPerMaturation": 36000,
        "ticksUntilAcetification": 36000
      },
      "alcInfoPotato": {
        "ticksPerFermentation": 48000,
        "ticksPerDistillation": 48000,
        "ticksPerMaturation": 36000,
        "ticksUntilAcetification": 36000
      },
      "alcInfoTomato": {
        "ticksPerFermentation": 48000,
        "ticksPerDistillation": 48000,
        "ticksPerMaturation": 36000,
        "ticksUntilAcetification": 36000
      },
      "alcInfoAgave": {
        "ticksPerFermentation": 36000,
        "ticksPerDistillation": 96000,
        "ticksPerMaturation": 48000,
        "ticksUntilAcetification": 108000
      },
      "alcInfoRedGrapes": {
        "ticksPerFermentation": 48000,
        "ticksPerDistillation": 48000,
        "ticksPerMaturation": 36000,
        "ticksUntilAcetification": 36000
      },
      "alcInfoRice": {
        "ticksPerFermentation": 48000,
        "ticksPerDistillation": 48000,
        "ticksPerMaturation": 36000,
        "ticksUntilAcetification": 36000
      },
      "alcInfoJuniper": {
        "ticksPerFermentation": 48000,
        "ticksPerDistillation": 48000,
        "ticksPerMaturation": 36000,
        "ticksUntilAcetification": 36000
      },
      "alcInfoSugarCane": {
        "ticksPerFermentation": 48000,
        "ticksPerDistillation": 48000,
        "ticksPerMaturation": 36000,
        "ticksUntilAcetification": 36000
      },
      "alcInfoHoney": {
        "ticksPerFermentation": 48000,
        "ticksPerDistillation": 48000,
        "ticksPerMaturation": 36000,
        "ticksUntilAcetification": 36000
      },
      "alcInfoApple": {
        "ticksPerFermentation": 48000,
        "ticksPerDistillation": 48000,
        "ticksPerMaturation": 36000,
        "ticksUntilAcetification": 36000
      },
      "alcInfoPineapple": {
        "ticksPerFermentation": 48000,
        "ticksPerDistillation": 48000,
        "ticksPerMaturation": 36000,
        "ticksUntilAcetification": 36000
      },
      "alcInfoBanana": {
        "ticksPerFermentation": 48000,
        "ticksPerDistillation": 48000,
        "ticksPerMaturation": 36000,
        "ticksUntilAcetification": 36000
      },
      "alcInfoMilk": {
        "ticksPerFermentation": 48000,
        "ticksPerDistillation": 48000,
        "ticksPerMaturation": 36000,
        "ticksUntilAcetification": 36000
      },
      "alcInfoFlowerExtract": {
        "ticksPerFermentation": 48000,
        "ticksPerDistillation": 1200,
        "ticksPerMaturation": 36000,
        "ticksUntilAcetification": 36000
      }
    },
    "messageDistortion": {
      "incoming": true,
      "outgoing": true
    }
  }
}