{
  "default_spawner_range": 52,
  "default_spawner_range_enabled": 0,
  "disable_count": 0,
  "disable_egg_removal_from_spawner": 0,
  "disable_range": 0,
  "disable_silk_touch": 0,
  "disable_spawner_config": 0,
  "disable_speed": 0,
  "display_item_id_from_right_click_in_log": 0,
  "limited_spawns_amount": 32,
  "limited_spawns_enabled": 0,
  "monster_egg_drop_chance": 4,
  "monster_egg_only_drop_when_killed_by_player": 0,
  "occultism:spawn_egg/": 0,
  "occultism:spawn_egg/de": 0,
  "occultism:spawn_egg/demon": 0,
  "occultism:spawn_egg/fa": 0,
  "occultism:spawn_egg/fam": 0,
  "occultism:spawn_egg/fami": 0,
  "occultism:spawn_egg/famil": 0,
  "occultism:spawn_egg/famili": 0,
  "occultism:spawn_egg/familia": 0,
  "occultism:spawn_egg/familiar_": 0,
  "occultism:spawn_egg/familiar_shub": 0,
  "occultism:spawn_egg/other": 0,
  "occultism:spawn_egg/posse": 0,
  "occultism:spawn_egg/posses": 0,
  "occultism:spawn_egg/possess": 0,
  "occultism:spawn_egg/possesse": 0,
  "occultism:spawn_egg/possessed": 0,
  "occultism:spawn_egg/possessed_elde": 0,
  "occultism:spawn_egg/possessed_we": 0,
  "occultism:spawn_egg/wild_hun": 0,
  "occultism:spawn_egg/wild_hunt_withe": 0,
  "spawner_hardness": 5,
  "item_id_blacklist": [],
  "disable_specific_egg_drops": {
    "alexsmobs:spa": 0,
    "alexsmobs:spaw": 0,
    "alexsmobs:spawn": 0,
    "alexsmobs:spawn_": 0,
    "alexsmobs:spawn_e": 0,
    "alexsmobs:spawn_eg": 0,
    "alexsmobs:spawn_egg": 0,
    "alexsmobs:spawn_egg_": 0,
    "alexsmobs:spawn_egg_alligator_snapp": 0,
    "alexsmobs:spawn_egg_b": 0,
    "alexsmobs:spawn_egg_bo": 0,
    "alexsmobs:spawn_egg_cach": 0,
    "alexsmobs:spawn_egg_capuc": 0,
    "alexsmobs:spawn_egg_crimso": 0,
    "alexsmobs:spawn_egg_devils_ho": 0,
    "alexsmobs:spawn_egg_en": 0,
    "alexsmobs:spawn_egg_f": 0,
    "alexsmobs:spawn_egg_fr": 0,
    "alexsmobs:spawn_egg_fri": 0,
    "alexsmobs:spawn_egg_g": 0,
    "alexsmobs:spawn_egg_gel": 0,
    "alexsmobs:spawn_egg_gr": 0,
    "alexsmobs:spawn_egg_h": 0,
    "alexsmobs:spawn_egg_hammer": 0,
    "alexsmobs:spawn_egg_kom": 0,
    "alexsmobs:spawn_egg_leaf": 0,
    "alexsmobs:spawn_egg_man": 0,
    "alexsmobs:spawn_egg_mim": 0,
    "alexsmobs:spawn_egg_r": 0,
    "alexsmobs:spawn_egg_ro": 0,
    "alexsmobs:spawn_egg_sn": 0,
    "alexsmobs:spawn_egg_so": 0,
    "alexsmobs:spawn_egg_su": 0,
    "alexsmobs:spawn_egg_tara": 0,
    "alexsmobs:spawn_egg_tasma": 0,
    "alexsmobs:spawn_egg_w": 0,
    "alexsmobs:spawn_egg_wa": 0,
    "aquaculture:arrau_turtle": 0,
    "aquaculture:box_turtle": 0,
    "aquaculture:starshell_turtle": 0,
    "aquamirae:anglerfish": 0,
    "aquamirae:captain_cornelia": 0,
    "aquamirae:eel": 0,
    "aquamirae:golden_moth": 0,
    "aquamirae:maw": 0,
    "aquamirae:maze_mother": 0,
    "aquamirae:pillagers_patrol": 0,
    "aquamirae:spinefish": 0,
    "aquamirae:tortured_soul": 0,
    "benssharks:axodile": 0,
    "benssharks:basking_shark": 0,
    "benssharks:blacktip_reef_shark": 0,
    "benssharks:blue_shark": 0,
    "benssharks:bonnethead_shark": 0,
    "benssharks:bull_shark": 0,
    "benssharks:cookiecutter_shark": 0,
    "benssharks:greatwhiteshark": 0,
    "benssharks:mako_shark": 0,
    "benssharks:nurse_shark": 0,
    "benssharks:remora": 0,
    "benssharks:tiger_shark": 0,
    "bettas:angelfish": 0,
    "bettas:betta": 0,
    "bettas:cherrybarb": 0,
    "bettas:clownfish": 0,
    "bettas:crab": 0,
    "bettas:filefish": 0,
    "bettas:ghostshrimp": 0,
    "bettas:glaucus": 0,
    "bettas:glowfish": 0,
    "bettas:goldfish": 0,
    "bettas:guppy": 0,
    "bettas:isopod": 0,
    "bettas:jelly": 0,
    "bettas:koi": 0,
    "bettas:seahorse": 0,
    "bettas:seaslug": 0,
    "bettas:silvershark": 0,
    "bettas:snail": 0,
    "bettas:snakehead": 0,
    "bettas:tetra": 0,
    "butcher:shell_boat": 0,
    "create_confectionery:little_gingerbread_man": 0,
    "ecologics:coconut_crab": 0,
    "ecologics:penguin": 0,
    "ecologics:squirrel": 0,
    "goblintraders:goblin_trader": 0,
    "goblintraders:vein_goblin_trader": 0,
    "minecraft:allay": 0,
    "minecraft:axolotl": 0,
    "minecraft:bat": 0,
    "minecraft:bee": 0,
    "minecraft:blaze": 0,
    "minecraft:camel": 0,
    "minecraft:cat": 0,
    "minecraft:cave_spider": 0,
    "minecraft:chicken": 0,
    "minecraft:cod": 0,
    "minecraft:cow": 0,
    "minecraft:creeper": 0,
    "minecraft:dolphin": 0,
    "minecraft:donkey": 0,
    "minecraft:drowned": 0,
    "minecraft:elder_guardian": 0,
    "minecraft:ender_dragon": 0,
    "minecraft:enderman": 0,
    "minecraft:endermite": 0,
    "minecraft:evoker": 0,
    "minecraft:fox": 0,
    "minecraft:frog": 0,
    "minecraft:ghast": 0,
    "minecraft:glow_squid": 0,
    "minecraft:goat": 0,
    "minecraft:guardian": 0,
    "minecraft:hoglin": 0,
    "minecraft:horse": 0,
    "minecraft:husk": 0,
    "minecraft:iron_golem": 0,
    "minecraft:llama": 0,
    "minecraft:magma_cube": 0,
    "minecraft:mooshroom": 0,
    "minecraft:mule": 0,
    "minecraft:ocelot": 0,
    "minecraft:panda": 0,
    "minecraft:parrot": 0,
    "minecraft:phantom": 0,
    "minecraft:pig": 0,
    "minecraft:piglin": 0,
    "minecraft:piglin_brute": 0,
    "minecraft:pillager": 0,
    "minecraft:polar_bear": 0,
    "minecraft:pufferfish": 0,
    "minecraft:rabbit": 0,
    "minecraft:ravager": 0,
    "minecraft:salmon": 0,
    "minecraft:sheep": 0,
    "minecraft:shulker": 0,
    "minecraft:silverfish": 0,
    "minecraft:skeleton": 0,
    "minecraft:skeleton_horse": 0,
    "minecraft:slime": 0,
    "minecraft:sniffer": 0,
    "minecraft:snow_golem": 0,
    "minecraft:spider": 0,
    "minecraft:squid": 0,
    "minecraft:stray": 0,
    "minecraft:strider": 0,
    "minecraft:tadpole": 0,
    "minecraft:trader_llama": 0,
    "minecraft:tropical_fish": 0,
    "minecraft:turtle": 0,
    "minecraft:vex": 0,
    "minecraft:villager": 0,
    "minecraft:vindicator": 0,
    "minecraft:wandering_trader": 0,
    "minecraft:warden": 0,
    "minecraft:witch": 0,
    "minecraft:wither": 0,
    "minecraft:wither_skeleton": 0,
    "minecraft:wolf": 0,
    "minecraft:zoglin": 0,
    "minecraft:zombie": 0,
    "minecraft:zombie_horse": 0,
    "minecraft:zombie_villager": 0,
    "minecraft:zombified_piglin": 0,
    "naturalist:alligator": 0,
    "naturalist:bass": 0,
    "naturalist:bear": 0,
    "naturalist:bluejay": 0,
    "naturalist:boar": 0,
    "naturalist:butterfly": 0,
    "naturalist:canary": 0,
    "naturalist:cardinal": 0,
    "naturalist:caterpillar": 0,
    "naturalist:catfish": 0,
    "naturalist:coral_snake": 0,
    "naturalist:deer": 0,
    "naturalist:dragonfly": 0,
    "naturalist:duck": 0,
    "naturalist:elephant": 0,
    "naturalist:finch": 0,
    "naturalist:firefly": 0,
    "naturalist:giraffe": 0,
    "naturalist:hippo": 0,
    "naturalist:lion": 0,
    "naturalist:lizard": 0,
    "naturalist:rattlesnake": 0,
    "naturalist:rhino": 0,
    "naturalist:robin": 0,
    "naturalist:snail": 0,
    "naturalist:snake": 0,
    "naturalist:sparrow": 0,
    "naturalist:tortoise": 0,
    "naturalist:vulture": 0,
    "naturalist:zebra": 0,
    "occultism:spawn": 0,
    "occultism:spawn_": 0,
    "pots_and_mimics:end_pot_crab": 0,
    "pots_and_mimics:nether_pot_crab": 0,
    "pots_and_mimics:poison_pot_crab": 0,
    "pots_and_mimics:pot_crab": 0,
    "quark:crab": 0,
    "quark:forgotten": 0,
    "quark:foxhound": 0,
    "quark:shiba": 0,
    "quark:stoneling": 0,
    "quark:toretoise": 0,
    "quark:wraith": 0,
    "realmrpg_demons:ancient_demon_lord": 0,
    "realmrpg_demons:chort": 0,
    "realmrpg_demons:demon": 0,
    "realmrpg_demons:demon_lord": 0,
    "realmrpg_demons:imp": 0,
    "realmrpg_demons:imp_guard": 0,
    "seadwellers:mermorph": 0,
    "seadwellers:mermorph_architect": 0,
    "seadwellers:mermorph_blacksmith": 0,
    "seadwellers:mermorph_cavern": 0,
    "seadwellers:mermorph_collector": 0,
    "seadwellers:mermorph_coral_orange": 0,
    "seadwellers:mermorph_coral_yellow": 0,
    "seadwellers:mermorph_farmer": 0,
    "seadwellers:mermorph_hunter": 0,
    "seadwellers:mermorph_polar": 0,
    "seadwellers:mermorph_river": 0,
    "seadwellers:random_mermorph": 0,
    "supplementaries:red_merchant": 0,
    "theorcs:orc_boss": 0,
    "theorcs:orc_grunt": 0,
    "theorcs:orc_ranger": 0,
    "theorcs:orc_shaman": 0,
    "twilightforest:adherent": 0,
    "twilightforest:alpha_yeti": 0,
    "twilightforest:armored_giant": 0,
    "twilightforest:bighorn_sheep": 0,
    "twilightforest:blockchain_goblin": 0,
    "twilightforest:boar": 0,
    "twilightforest:carminite_broodling": 0,
    "twilightforest:carminite_ghastguard": 0,
    "twilightforest:carminite_ghastling": 0,
    "twilightforest:carminite_golem": 0,
    "twilightforest:death_tome": 0,
    "twilightforest:deer": 0,
    "twilightforest:dwarf_rabbit": 0,
    "twilightforest:fire_beetle": 0,
    "twilightforest:giant_miner": 0,
    "twilightforest:harbinger_cube": 0,
    "twilightforest:hedge_spider": 0,
    "twilightforest:helmet_crab": 0,
    "twilightforest:hostile_wolf": 0,
    "twilightforest:hydra": 0,
    "twilightforest:ice_crystal": 0,
    "twilightforest:king_spider": 0,
    "twilightforest:knight_phantom": 0,
    "twilightforest:kobold": 0,
    "twilightforest:lich": 0,
    "twilightforest:lower_goblin_knight": 0,
    "twilightforest:maze_slime": 0,
    "twilightforest:minoshroom": 0,
    "twilightforest:minotaur": 0,
    "twilightforest:mist_wolf": 0,
    "twilightforest:mosquito_swarm": 0,
    "twilightforest:naga": 0,
    "twilightforest:penguin": 0,
    "twilightforest:pinch_beetle": 0,
    "twilightforest:quest_ram": 0,
    "twilightforest:raven": 0,
    "twilightforest:redcap": 0,
    "twilightforest:redcap_sapper": 0,
    "twilightforest:skeleton_druid": 0,
    "twilightforest:slime_beetle": 0,
    "twilightforest:snow_guardian": 0,
    "twilightforest:snow_queen": 0,
    "twilightforest:squirrel": 0,
    "twilightforest:stable_ice_core": 0,
    "twilightforest:swarm_spider": 0,
    "twilightforest:tiny_bird": 0,
    "twilightforest:towerwood_borer": 0,
    "twilightforest:troll": 0,
    "twilightforest:unstable_ice_core": 0,
    "twilightforest:ur_ghast": 0,
    "twilightforest:winter_wolf": 0,
    "twilightforest:wraith": 0,
    "twilightforest:yeti": 0,
    "upgrade_aquatic:flare": 0,
    "upgrade_aquatic:goose": 0,
    "upgrade_aquatic:great_thrasher": 0,
    "upgrade_aquatic:jellyfish": 0,
    "upgrade_aquatic:lionfish": 0,
    "upgrade_aquatic:nautilus": 0,
    "upgrade_aquatic:perch": 0,
    "upgrade_aquatic:pike": 0,
    "upgrade_aquatic:thrasher": 0
  }
}